{
  "ber": [
    0.23302884615384614,
    0.1466346153846154,
    0.07442307692307693,
    0.03716346153846154,
    0.000625,
    0.0,
    0.0
  ],
  "rician_k_db": [
    -3.0,
    0.0,
    3.0,
    5.0,
    10.0,
    15.0,
    20.0
  ],
  "snr_db": 15.0
}